{"assets/dictionary.json":["assets/dictionary.json"],"assets/icons/copy.svg":["assets/icons/copy.svg"],"assets/icons/icon.png":["assets/icons/icon.png"],"assets/icons/minus.svg":["assets/icons/minus.svg"],"assets/icons/moon.png":["assets/icons/moon.png"],"assets/icons/moon.svg":["assets/icons/moon.svg"],"assets/icons/plus.svg":["assets/icons/plus.svg"],"assets/icons/refresh.svg":["assets/icons/refresh.svg"],"assets/icons/right.svg":["assets/icons/right.svg"],"assets/icons/separator.png":["assets/icons/separator.png"],"assets/icons/separator.svg":["assets/icons/separator.svg"],"assets/icons/sun.png":["assets/icons/sun.png"],"assets/icons/sun.svg":["assets/icons/sun.svg"],"fonts/Manrope-Medium.ttf":["fonts/Manrope-Medium.ttf"],"fonts/Manrope-SemiBold.ttf":["fonts/Manrope-SemiBold.ttf"],"packages/cupertino_icons/assets/CupertinoIcons.ttf":["packages/cupertino_icons/assets/CupertinoIcons.ttf"]}